company,productName,category,date,details,pdfUrl,source,sourceUrl
"10","상품공시","생명보험상품통일공시기준","Download","","","공시관련 규정","https://pub.insure.or.kr/summary/disRegal/list.do"
"9","상품공시","생명보험상품공시시행세칙","Download","","","공시관련 규정","https://pub.insure.or.kr/summary/disRegal/list.do"
"8","상품비교공시","생명보험상품비교공시기준","Download","","","공시관련 규정","https://pub.insure.or.kr/summary/disRegal/list.do"
"7","상품비교공시","생명보험상품비교공시정보시행세칙","Download","","","공시관련 규정","https://pub.insure.or.kr/summary/disRegal/list.do"
"6","상품비교공시","생명보험상품비교공시정보시행세칙_별지","Download","","","공시관련 규정","https://pub.insure.or.kr/summary/disRegal/list.do"
"5","퇴직연금사업자비교공시","퇴직연금감독규정","Download","","","공시관련 규정","https://pub.insure.or.kr/summary/disRegal/list.do"
"4","퇴직연금사업자비교공시","퇴직연금감독규정 시행세칙","Download","","","공시관련 규정","https://pub.insure.or.kr/summary/disRegal/list.do"
"3","금융기관보험대리점모집수수료율공시","금융기관보험대리점모집수수료율공시기준","Download","","","공시관련 규정","https://pub.insure.or.kr/summary/disRegal/list.do"
"2","경영공시","생명보험경영통일공시기준","Download","","","공시관련 규정","https://pub.insure.or.kr/summary/disRegal/list.do"
"1","경영공시","생명보험경영공시시행세칙","Download","","","공시관련 규정","https://pub.insure.or.kr/summary/disRegal/list.do"
"공지","상품공시","시각화된 약관 요약서 및 약관 이용 가이드북","Download","","","공시관련 규정","https://pub.insure.or.kr/summary/disRegal/list.do"
"<보장 확대>급여 항목 중","불임관련 질환","보장 제외","보험가입일 2년 후부터 급여 항목 보장 (전액본인부담금 제외)","","","계약전환제도 안내","https://pub.insure.or.kr/compareDis/mdclInsrn/contChange/info.do"
"선천성 뇌질환","태아일 때 가입된 경우 급여 항목 보장","","","","","계약전환제도 안내","https://pub.insure.or.kr/compareDis/mdclInsrn/contChange/info.do"
"피부질환","심한 농양 발생 등으로 급여로 인정된 부분 보장","","","","","계약전환제도 안내","https://pub.insure.or.kr/compareDis/mdclInsrn/contChange/info.do"
"<보장 축소>비급여 항목 중","도수치료","질병 치료목적인 경우 연간 최대 50회 보장","10회마다 병적완화 효과 등 확인 시 연간 최대 50회 보장","","","계약전환제도 안내","https://pub.insure.or.kr/compareDis/mdclInsrn/contChange/info.do"
"영양제, 비타민","질병 치료목적으로 투여된 경우 보장","약사법령에 의하여 약제별 허가사항 또는 신고된 사항에 따라 투여된 경우 보장","","","","계약전환제도 안내","https://pub.insure.or.kr/compareDis/mdclInsrn/contChange/info.do"
"가입자 비중","약 72.9%","약 25.3%","약 1.8%","","","계약전환제도 안내","https://pub.insure.or.kr/compareDis/mdclInsrn/contChange/info.do"
"선택형Ⅰ 등","표준형","선택형Ⅱ","표준형","선택형Ⅱ","","세대별 상품 비교","https://pub.insure.or.kr/compareDis/mdclInsrn/contChange/prod.do"
"판매시기","`09.10월 이전","`09.10월~`15.8월","`13.1월~`17.3월","`15.9월~`17.3월 | `17.4월~`21.6월 | `17.4월~`21.6월 | `21.7월","","세대별 상품 비교","https://pub.insure.or.kr/compareDis/mdclInsrn/contChange/prod.do"
"자기부담비율","생명보험사 : 20%손해보험사 : 0%* 상품에 따라상이할 수 있음","10%","20%","급여 10%비급여 20% | 20% | 급여 10%비급여 20% | 주계약(급여) 20%","","세대별 상품 비교","https://pub.insure.or.kr/compareDis/mdclInsrn/contChange/prod.do"
"특약 30%","특약 30%","특약(비급여) 30%","","","","세대별 상품 비교","https://pub.insure.or.kr/compareDis/mdclInsrn/contChange/prod.do"
"갱신주기","1~5년","1,3년","1년","1년 | 1년 | 1년 | 1년","","세대별 상품 비교","https://pub.insure.or.kr/compareDis/mdclInsrn/contChange/prod.do"
"보험회사","변액구분","수령방식","납입구분","경과기간 | 가입채널","","저축성 요약공시","https://pub.insure.or.kr/compareSummary/saving/list.do"
"전체","일반저축성(비변액)","만기 일시금 수령","거치","1년 														 															,  														 													 												 													 														 														3년 														 															,  														 													 												 													 														 														5년 														 															,  														 													 												 													 														 														7년 														 															,  														 													 												 													 														 														10년 														 															,  														 													 												 													 														 														15년 														 															,  														 													 												 													 														 														20년 | 대면채널 														 															,  														 													 														 														방카슈랑스 														 															,  														 													 														 														TM 														 															,  														 													 														 														CM 														 															,  														 													 														 														기타 														 															,","","저축성 요약공시","https://pub.insure.or.kr/compareSummary/saving/list.do"
"회사명","상품명","유지기간","일시납 보험료","누적납입보험료 | 실질수익률 | 비용·수수료 | 예상실수령금액 | 세금우대여부 | 상세보기","","저축성 요약공시","https://pub.insure.or.kr/compareSummary/saving/list.do"
"적립률","공시이율","수익률","사업비","위험보험료","","저축성 요약공시","https://pub.insure.or.kr/compareSummary/saving/list.do"
"ABL생명","(무)우리WON인터넷보너스주는저축보험","1년","50,000,000                                                        	     	     	  		  			  				  				원","50,000,000                                                        	     	     	  		  			  				  				원 | 99.88 % | 2.25 % | -0.11 % | 1,150,000                                                        	     	     	  		  			  				  				원 | 16,700                                                        	     	     	  		  			  				  				원 | 49,940,638                                                        	     	     	  		  			  				  				원 | 일반과세 (10년 유지시 비과세) | 보기 															상세보기 버튼을 클릭하시면 상품비교공시화면으로 이동하여 상세내용 비교가 가능합니다.","","저축성 요약공시","https://pub.insure.or.kr/compareSummary/saving/list.do"
"3년","50,000,000                                                        	     	     	  		  			  				  				원","103.40 %","3.40 %","1,610,000                                                        	     	     	  		  			  				  				원 | 54,250                                                        	     	     	  		  			  				  				원 | 51,701,152                                                        	     	     	  		  			  				  				원 | 일반과세 (10년 유지시 비과세)","","저축성 요약공시","https://pub.insure.or.kr/compareSummary/saving/list.do"
"5년","50,000,000                                                        	     	     	  		  			  				  				원","107.47 %","7.47 %","1,875,000                                                        	     	     	  		  			  				  				원 | 99,650                                                        	     	     	  		  			  				  				원 | 53,737,178                                                        	     	     	  		  			  				  				원 | 일반과세 (10년 유지시 비과세)","","저축성 요약공시","https://pub.insure.or.kr/compareSummary/saving/list.do"
"7년","50,000,000                                                        	     	     	  		  			  				  				원","111.71 %","11.71 %","2,140,000                                                        	     	     	  		  			  				  				원 | 154,900                                                        	     	     	  		  			  				  				원 | 55,855,848                                                        	     	     	  		  			  				  				원 | 일반과세 (10년 유지시 비과세)","","저축성 요약공시","https://pub.insure.or.kr/compareSummary/saving/list.do"
"10년","50,000,000                                                        	     	     	  		  			  				  				원","121.39 %","21.38 %","2,535,000                                                        	     	     	  		  			  				  				원 | 259,650                                                        	     	     	  		  			  				  				원 | 60,693,403                                                        	     	     	  		  			  				  				원 | 비과세","","저축성 요약공시","https://pub.insure.or.kr/compareSummary/saving/list.do"
"삼성생명","삼성 스마트저축보험(2601)(무배당)","1년","50,000,000                                                        	     	     	  		  			  				  				원","50,000,000                                                        	     	     	  		  			  				  				원 | 99.62 % | 2.33 % | -0.38 % | 1,315,000                                                        	     	     	  		  			  				  				원 | 12,000                                                        	     	     	  		  			  				  				원 | 49,054,410                                                        	     	     	  		  			  				  				원 | 일반과세 (10년 유지시 비과세)","","저축성 요약공시","https://pub.insure.or.kr/compareSummary/saving/list.do"
"3년","50,000,000                                                        	     	     	  		  			  				  				원","102.33 %","2.33 %","2,260,000                                                        	     	     	  		  			  				  				원 | 38,400                                                        	     	     	  		  			  				  				원 | 50,784,900                                                        	     	     	  		  			  				  				원 | 일반과세 (10년 유지시 비과세)","","저축성 요약공시","https://pub.insure.or.kr/compareSummary/saving/list.do"
"5년","50,000,000                                                        	     	     	  		  			  				  				원","105.15 %","5.15 %","3,210,000                                                        	     	     	  		  			  				  				원 | 69,600                                                        	     	     	  		  			  				  				원 | 52,574,230                                                        	     	     	  		  			  				  				원 | 일반과세 (10년 유지시 비과세)","","저축성 요약공시","https://pub.insure.or.kr/compareSummary/saving/list.do"
"7년","50,000,000                                                        	     	     	  		  			  				  				원","109.74 %","9.74 %","3,355,000                                                        	     	     	  		  			  				  				원 | 106,200                                                        	     	     	  		  			  				  				원 | 54,867,740                                                        	     	     	  		  			  				  				원 | 일반과세 (10년 유지시 비과세)","","저축성 요약공시","https://pub.insure.or.kr/compareSummary/saving/list.do"
"10년","50,000,000                                                        	     	     	  		  			  				  				원","116.99 %","16.99 %","3,570,000                                                        	     	     	  		  			  				  				원 | 178,200                                                        	     	     	  		  			  				  				원 | 58,494,680                                                        	     	     	  		  			  				  				원 | 비과세","","저축성 요약공시","https://pub.insure.or.kr/compareSummary/saving/list.do"
"흥국생명","(무)흥국생명 드림저축보험2407","1년","50,000,000                                                        	     	     	  		  			  				  				원","50,000,000                                                        	     	     	  		  			  				  				원 | 99.80 % | 2.20 % | -0.20 % | 1,170,000                                                        	     	     	  		  			  				  				원 | 11,600                                                        	     	     	  		  			  				  				원 | 49,899,953                                                        	     	     	  		  			  				  				원 | 일반과세 (10년 유지시 비과세)","","저축성 요약공시","https://pub.insure.or.kr/compareSummary/saving/list.do"
"3년","50,000,000                                                        	     	     	  		  			  				  				원","102.89 %","2.88 %","1,800,000                                                        	     	     	  		  			  				  				원 | 40,450                                                        	     	     	  		  			  				  				원 | 51,442,576                                                        	     	     	  		  			  				  				원 | 일반과세 (10년 유지시 비과세)","","저축성 요약공시","https://pub.insure.or.kr/compareSummary/saving/list.do"
"5년","50,000,000                                                        	     	     	  		  			  				  				원","106.41 %","6.40 %","2,280,000                                                        	     	     	  		  			  				  				원 | 74,700                                                        	     	     	  		  			  				  				원 | 53,204,627                                                        	     	     	  		  			  				  				원 | 일반과세 (10년 유지시 비과세)","","저축성 요약공시","https://pub.insure.or.kr/compareSummary/saving/list.do"
"7년","50,000,000                                                        	     	     	  		  			  				  				원","110.08 %","10.07 %","2,760,000                                                        	     	     	  		  			  				  				원 | 115,850                                                        	     	     	  		  			  				  				원 | 55,037,946                                                        	     	     	  		  			  				  				원 | 일반과세 (10년 유지시 비과세)","","저축성 요약공시","https://pub.insure.or.kr/compareSummary/saving/list.do"
"10년","50,000,000                                                        	     	     	  		  			  				  				원","116.35 %","16.34 %","3,480,000                                                        	     	     	  		  			  				  				원 | 195,300                                                        	     	     	  		  			  				  				원 | 58,173,531                                                        	     	     	  		  			  				  				원 | 비과세","","저축성 요약공시","https://pub.insure.or.kr/compareSummary/saving/list.do"
"흥국생명","(무)흥국생명 프리미엄드림저축보험","1년","50,000,000                                                        	     	     	  		  			  				  				원","50,000,000                                                        	     	     	  		  			  				  				원 | 99.80 % | 2.20 % | -0.20 % | 1,170,000                                                        	     	     	  		  			  				  				원 | 11,600                                                        	     	     	  		  			  				  				원 | 49,899,953                                                        	     	     	  		  			  				  				원 | 일반과세 (10년 유지시 비과세)","","저축성 요약공시","https://pub.insure.or.kr/compareSummary/saving/list.do"
"3년","50,000,000                                                        	     	     	  		  			  				  				원","102.89 %","2.88 %","1,800,000                                                        	     	     	  		  			  				  				원 | 40,450                                                        	     	     	  		  			  				  				원 | 51,442,576                                                        	     	     	  		  			  				  				원 | 일반과세 (10년 유지시 비과세)","","저축성 요약공시","https://pub.insure.or.kr/compareSummary/saving/list.do"
"5년","50,000,000                                                        	     	     	  		  			  				  				원","106.41 %","6.40 %","2,280,000                                                        	     	     	  		  			  				  				원 | 74,700                                                        	     	     	  		  			  				  				원 | 53,204,627                                                        	     	     	  		  			  				  				원 | 일반과세 (10년 유지시 비과세)","","저축성 요약공시","https://pub.insure.or.kr/compareSummary/saving/list.do"
"7년","50,000,000                                                        	     	     	  		  			  				  				원","110.08 %","10.07 %","2,760,000                                                        	     	     	  		  			  				  				원 | 115,850                                                        	     	     	  		  			  				  				원 | 55,037,946                                                        	     	     	  		  			  				  				원 | 일반과세 (10년 유지시 비과세)","","저축성 요약공시","https://pub.insure.or.kr/compareSummary/saving/list.do"
"10년","50,000,000                                                        	     	     	  		  			  				  				원","116.35 %","16.34 %","3,480,000                                                        	     	     	  		  			  				  				원 | 195,300                                                        	     	     	  		  			  				  				원 | 58,173,531                                                        	     	     	  		  			  				  				원 | 비과세","","저축성 요약공시","https://pub.insure.or.kr/compareSummary/saving/list.do"
"KDB생명","KDB플러스저축보험(무)","1년","50,000,000                                                        	     	     	  		  			  				  				원","50,000,000                                                        	     	     	  		  			  				  				원 | 99.50 % | 2.05 % | -0.50 % | 1,245,000                                                        	     	     	  		  			  				  				원 | 13,200                                                        	     	     	  		  			  				  				원 | 49,748,152                                                        	     	     	  		  			  				  				원 | 일반과세 (10년 유지시 비과세)","","저축성 요약공시","https://pub.insure.or.kr/compareSummary/saving/list.do"
"3년","50,000,000                                                        	     	     	  		  			  				  				원","101.79 %","1.79 %","2,110,000                                                        	     	     	  		  			  				  				원 | 42,000                                                        	     	     	  		  			  				  				원 | 50,893,253                                                        	     	     	  		  			  				  				원 | 일반과세 (10년 유지시 비과세)","","저축성 요약공시","https://pub.insure.or.kr/compareSummary/saving/list.do"
"5년","50,000,000                                                        	     	     	  		  			  				  				원","104.22 %","4.22 %","2,950,000                                                        	     	     	  		  			  				  				원 | 76,800                                                        	     	     	  		  			  				  				원 | 52,107,727                                                        	     	     	  		  			  				  				원 | 일반과세 (10년 유지시 비과세)","","저축성 요약공시","https://pub.insure.or.kr/compareSummary/saving/list.do"
"7년","50,000,000                                                        	     	     	  		  			  				  				원","106.73 %","6.73 %","3,790,000                                                        	     	     	  		  			  				  				원 | 119,400                                                        	     	     	  		  			  				  				원 | 53,364,544                                                        	     	     	  		  			  				  				원 | 일반과세 (10년 유지시 비과세)","","저축성 요약공시","https://pub.insure.or.kr/compareSummary/saving/list.do"
"10년","50,000,000                                                        	     	     	  		  			  				  				원","110.66 %","10.66 %","5,050,000                                                        	     	     	  		  			  				  				원 | 202,200                                                        	     	     	  		  			  				  				원 | 55,328,641                                                        	     	     	  		  			  				  				원 | 비과세","","저축성 요약공시","https://pub.insure.or.kr/compareSummary/saving/list.do"
"신한라이프생명","신한The안심VIP저축보험Ⅲ(무배당)","1년","50,000,000                                                        	     	     	  		  			  				  				원","50,000,000                                                        	     	     	  		  			  				  				원 | 101.18 % | - | - | 1,005,000                                                        	     	     	  		  			  				  				원 | 6,650                                                        	     	     	  		  			  				  				원 | 50,591,360                                                        	     	     	  		  			  				  				원 | 일반과세 (10년 유지시 비과세)","","저축성 요약공시","https://pub.insure.or.kr/compareSummary/saving/list.do"
"3년","50,000,000                                                        	     	     	  		  			  				  				원","106.87 %","-","1,470,000                                                        	     	     	  		  			  				  				원 | 21,600                                                        	     	     	  		  			  				  				원 | 53,434,420                                                        	     	     	  		  			  				  				원 | 일반과세 (10년 유지시 비과세)","","저축성 요약공시","https://pub.insure.or.kr/compareSummary/saving/list.do"
"5년","50,000,000                                                        	     	     	  		  			  				  				원","114.62 %","-","1,795,000                                                        	     	     	  		  			  				  				원 | 39,400                                                        	     	     	  		  			  				  				원 | 57,310,700                                                        	     	     	  		  			  				  				원 | 일반과세 (10년 유지시 비과세)","","저축성 요약공시","https://pub.insure.or.kr/compareSummary/saving/list.do"
"처브라이프생명","Chubb 플러스알파저축보험2601 무배당","1년","100,000,000                                                        	     	     	  		  			  				  				원","100,000,000                                                        	     	     	  		  			  				  				원 | 100.53 % | - | - | 2,470,000                                                        	     	     	  		  			  				  				원 | 4,100                                                        	     	     	  		  			  				  				원 | 100,527,565                                                        	     	     	  		  			  				  				원 | 일반과세 (10년 유지시 비과세)","","저축성 요약공시","https://pub.insure.or.kr/compareSummary/saving/list.do"
"3년","100,000,000                                                        	     	     	  		  			  				  				원","106.39 %","-","2,820,000                                                        	     	     	  		  			  				  				원 | 12,900                                                        	     	     	  		  			  				  				원 | 106,388,590                                                        	     	     	  		  			  				  				원 | 일반과세 (10년 유지시 비과세)","","저축성 요약공시","https://pub.insure.or.kr/compareSummary/saving/list.do"
"5년","100,000,000                                                        	     	     	  		  			  				  				원","116.45 %","-","2,860,000                                                        	     	     	  		  			  				  				원 | 22,900                                                        	     	     	  		  			  				  				원 | 116,451,671                                                        	     	     	  		  			  				  				원 | 일반과세 (10년 유지시 비과세)","","저축성 요약공시","https://pub.insure.or.kr/compareSummary/saving/list.do"
"BNP파리바카디프생명","(무) 뉴 플러스자산관리 저축보험 Ⅱ","1년","50,000,000                                                        	     	     	  		  			  				  				원","50,000,000                                                        	     	     	  		  			  				  				원 | 100.73 % | 3.23 % | 0.73 % | 1,210,000                                                        	     	     	  		  			  				  				원 | 10,800                                                        	     	     	  		  			  				  				원 | 50,053,637                                                        	     	     	  		  			  				  				원 | 일반과세 (10년 유지시 비과세)","","저축성 요약공시","https://pub.insure.or.kr/compareSummary/saving/list.do"
"3년","50,000,000                                                        	     	     	  		  			  				  				원","108.89 %","8.88 %","1,645,000                                                        	     	     	  		  			  				  				원 | 35,300                                                        	     	     	  		  			  				  				원 | 54,443,116                                                        	     	     	  		  			  				  				원 | 일반과세 (10년 유지시 비과세)","","저축성 요약공시","https://pub.insure.or.kr/compareSummary/saving/list.do"
"5년","50,000,000                                                        	     	     	  		  			  				  				원","115.35 %","15.35 %","1,945,000                                                        	     	     	  		  			  				  				원 | 64,700                                                        	     	     	  		  			  				  				원 | 57,676,418                                                        	     	     	  		  			  				  				원 | 일반과세 (10년 유지시 비과세)","","저축성 요약공시","https://pub.insure.or.kr/compareSummary/saving/list.do"
"7년","50,000,000                                                        	     	     	  		  			  				  				원","122.23 %","22.23 %","2,245,000                                                        	     	     	  		  			  				  				원 | 100,300                                                        	     	     	  		  			  				  				원 | 61,115,516                                                        	     	     	  		  			  				  				원 | 일반과세 (10년 유지시 비과세)","","저축성 요약공시","https://pub.insure.or.kr/compareSummary/saving/list.do"
"10년","50,000,000                                                        	     	     	  		  			  				  				원","133.37 %","33.37 %","2,695,000                                                        	     	     	  		  			  				  				원 | 168,800                                                        	     	     	  		  			  				  				원 | 66,686,393                                                        	     	     	  		  			  				  				원 | 비과세","","저축성 요약공시","https://pub.insure.or.kr/compareSummary/saving/list.do"
"푸본현대생명","MAX 저축보험 무배당(법인)(2404)","1년","50,000,000                                                        	     	     	  		  			  				  				원","50,000,000                                                        	     	     	  		  			  				  				원 | 100.05 % | 2.25 % | 0.04 % | 1,070,000                                                        	     	     	  		  			  				  				원 | 11,400                                                        	     	     	  		  			  				  				원 | 50,023,175                                                        	     	     	  		  			  				  				원 | 일반과세 (10년 유지시 비과세)","","저축성 요약공시","https://pub.insure.or.kr/compareSummary/saving/list.do"
"3년","50,000,000                                                        	     	     	  		  			  				  				원","104.05 %","4.04 %","1,315,000                                                        	     	     	  		  			  				  				원 | 36,600                                                        	     	     	  		  			  				  				원 | 52,022,577                                                        	     	     	  		  			  				  				원 | 일반과세 (10년 유지시 비과세)","","저축성 요약공시","https://pub.insure.or.kr/compareSummary/saving/list.do"
"5년","50,000,000                                                        	     	     	  		  			  				  				원","108.29 %","8.28 %","1,525,000                                                        	     	     	  		  			  				  				원 | 66,600                                                        	     	     	  		  			  				  				원 | 54,144,271                                                        	     	     	  		  			  				  				원 | 일반과세 (10년 유지시 비과세)","","저축성 요약공시","https://pub.insure.or.kr/compareSummary/saving/list.do"
"7년","50,000,000                                                        	     	     	  		  			  				  				원","112.73 %","12.72 %","1,725,000                                                        	     	     	  		  			  				  				원 | 102,600                                                        	     	     	  		  			  				  				원 | 56,362,516                                                        	     	     	  		  			  				  				원 | 일반과세 (10년 유지시 비과세)","","저축성 요약공시","https://pub.insure.or.kr/compareSummary/saving/list.do"
"10년","50,000,000                                                        	     	     	  		  			  				  				원","119.76 %","19.76 %","2,020,000                                                        	     	     	  		  			  				  				원 | 171,000                                                        	     	     	  		  			  				  				원 | 59,880,581                                                        	     	     	  		  			  				  				원 | 비과세","","저축성 요약공시","https://pub.insure.or.kr/compareSummary/saving/list.do"
"NH농협생명","프리미엄NH저축보험(무배당)_2404_(거치형)","1년","50,000,000                                                        	     	     	  		  			  				  				원","50,000,000                                                        	     	     	  		  			  				  				원 | 99.84 % | 2.25 % | -0.16 % | 1,170,000                                                        	     	     	  		  			  				  				원 | 15,000                                                        	     	     	  		  			  				  				원 | 49,921,027                                                        	     	     	  		  			  				  				원 | 일반과세 (10년 유지시 비과세)","","저축성 요약공시","https://pub.insure.or.kr/compareSummary/saving/list.do"
"3년","50,000,000                                                        	     	     	  		  			  				  				원","103.43 %","3.43 %","1,600,000                                                        	     	     	  		  			  				  				원 | 48,600                                                        	     	     	  		  			  				  				원 | 51,717,153                                                        	     	     	  		  			  				  				원 | 일반과세 (10년 유지시 비과세)","","저축성 요약공시","https://pub.insure.or.kr/compareSummary/saving/list.do"
"5년","50,000,000                                                        	     	     	  		  			  				  				원","107.40 %","7.40 %","1,920,000                                                        	     	     	  		  			  				  				원 | 87,600                                                        	     	     	  		  			  				  				원 | 53,699,069                                                        	     	     	  		  			  				  				원 | 일반과세 (10년 유지시 비과세)","","저축성 요약공시","https://pub.insure.or.kr/compareSummary/saving/list.do"
"7년","50,000,000                                                        	     	     	  		  			  				  				원","111.53 %","11.53 %","2,245,000                                                        	     	     	  		  			  				  				원 | 133,800                                                        	     	     	  		  			  				  				원 | 55,763,806                                                        	     	     	  		  			  				  				원 | 일반과세 (10년 유지시 비과세)","","저축성 요약공시","https://pub.insure.or.kr/compareSummary/saving/list.do"
"10년","50,000,000                                                        	     	     	  		  			  				  				원","118.04 %","18.04 %","2,730,000                                                        	     	     	  		  			  				  				원 | 221,400                                                        	     	     	  		  			  				  				원 | 59,019,575                                                        	     	     	  		  			  				  				원 | 비과세","","저축성 요약공시","https://pub.insure.or.kr/compareSummary/saving/list.do"
"회사명","1분기","2분기","3분기","결산","","정기공시","https://pub.insure.or.kr/mngtDis/mngtDis/list.do"
"한화생명","다운로드","다운로드","다운로드","-","","정기공시","https://pub.insure.or.kr/mngtDis/mngtDis/list.do"
"ABL생명","다운로드","다운로드","다운로드","-","","정기공시","https://pub.insure.or.kr/mngtDis/mngtDis/list.do"
"삼성생명","다운로드","다운로드","다운로드","-","","정기공시","https://pub.insure.or.kr/mngtDis/mngtDis/list.do"
"흥국생명","다운로드","다운로드","다운로드","-","","정기공시","https://pub.insure.or.kr/mngtDis/mngtDis/list.do"
"교보생명","다운로드","다운로드","다운로드","-","","정기공시","https://pub.insure.or.kr/mngtDis/mngtDis/list.do"
"iM라이프","다운로드","다운로드","다운로드","-","","정기공시","https://pub.insure.or.kr/mngtDis/mngtDis/list.do"
"미래에셋생명","다운로드","다운로드","다운로드","-","","정기공시","https://pub.insure.or.kr/mngtDis/mngtDis/list.do"
"KDB생명","다운로드","다운로드","다운로드","-","","정기공시","https://pub.insure.or.kr/mngtDis/mngtDis/list.do"
"DB생명","다운로드","다운로드","다운로드","-","","정기공시","https://pub.insure.or.kr/mngtDis/mngtDis/list.do"
"동양생명","다운로드","다운로드","다운로드","-","","정기공시","https://pub.insure.or.kr/mngtDis/mngtDis/list.do"
"메트라이프생명","다운로드","다운로드","다운로드","-","","정기공시","https://pub.insure.or.kr/mngtDis/mngtDis/list.do"
"KB라이프생명","다운로드","다운로드","다운로드","-","","정기공시","https://pub.insure.or.kr/mngtDis/mngtDis/list.do"
"신한라이프생명","다운로드","다운로드","다운로드","-","","정기공시","https://pub.insure.or.kr/mngtDis/mngtDis/list.do"
"처브라이프생명","다운로드","다운로드","다운로드","-","","정기공시","https://pub.insure.or.kr/mngtDis/mngtDis/list.do"
"하나생명","다운로드","다운로드","다운로드","-","","정기공시","https://pub.insure.or.kr/mngtDis/mngtDis/list.do"
"BNP파리바카디프생명","다운로드","다운로드","다운로드","-","","정기공시","https://pub.insure.or.kr/mngtDis/mngtDis/list.do"
"푸본현대생명","다운로드","다운로드","다운로드","-","","정기공시","https://pub.insure.or.kr/mngtDis/mngtDis/list.do"
"라이나생명","다운로드","다운로드","다운로드","-","","정기공시","https://pub.insure.or.kr/mngtDis/mngtDis/list.do"
"AIA생명","다운로드","다운로드","다운로드","-","","정기공시","https://pub.insure.or.kr/mngtDis/mngtDis/list.do"
"IBK연금보험","다운로드","다운로드","다운로드","-","","정기공시","https://pub.insure.or.kr/mngtDis/mngtDis/list.do"
"NH농협생명","다운로드","다운로드","다운로드","-","","정기공시","https://pub.insure.or.kr/mngtDis/mngtDis/list.do"
"교보라이프플래닛생명","다운로드","다운로드","다운로드","-","","정기공시","https://pub.insure.or.kr/mngtDis/mngtDis/list.do"
"전체파일","1분기","2분기","3분기","","","정기공시","https://pub.insure.or.kr/mngtDis/mngtDis/list.do"
"회사명","서식번호","서식명","파일","게시일자","","수시공시","https://pub.insure.or.kr/mngtDis/frequentDis/list.do"
"삼성생명","7-1-4","대주주가 발행한 주식에 대한 의결권 행사","Download","2026-01-20","","수시공시","https://pub.insure.or.kr/mngtDis/frequentDis/list.do"
"iM라이프","7-2-2","대주주가 발행한 채권 또는 주식 취득현황 분기공시","Download","2026-01-20","","수시공시","https://pub.insure.or.kr/mngtDis/frequentDis/list.do"
"iM라이프","7-2-1","대주주에 대한 신용공여현황 분기공시","Download","2026-01-20","","수시공시","https://pub.insure.or.kr/mngtDis/frequentDis/list.do"
"메트라이프생명","7-1-3","대주주가 발행한 주식의 취득","Download","2026-01-20","","수시공시","https://pub.insure.or.kr/mngtDis/frequentDis/list.do"
"한화생명","7-1-4","대주주가 발행한 주식에 대한 의결권 행사","Download","2026-01-16","","수시공시","https://pub.insure.or.kr/mngtDis/frequentDis/list.do"
"한화생명","7-1-4","대주주가 발행한 주식에 대한 의결권 행사","Download","2026-01-16","","수시공시","https://pub.insure.or.kr/mngtDis/frequentDis/list.do"
"푸본현대생명","7-2-2","대주주가 발행한 채권 또는 주식 취득현황 분기공시","Download","2026-01-15","","수시공시","https://pub.insure.or.kr/mngtDis/frequentDis/list.do"
"푸본현대생명","7-2-1","대주주에 대한 신용공여현황 분기공시","Download","2026-01-15","","수시공시","https://pub.insure.or.kr/mngtDis/frequentDis/list.do"
"미래에셋생명","7-1-4","대주주가 발행한 주식에 대한 의결권 행사","Download","2026-01-14","","수시공시","https://pub.insure.or.kr/mngtDis/frequentDis/list.do"
"신한라이프생명","7-2-2","대주주가 발행한 채권 또는 주식 취득현황 분기공시","Download","2026-01-14","","수시공시","https://pub.insure.or.kr/mngtDis/frequentDis/list.do"
"신한라이프생명","7-2-1","대주주에 대한 신용공여현황 분기공시","Download","2026-01-14","","수시공시","https://pub.insure.or.kr/mngtDis/frequentDis/list.do"
"KDB생명","6-7-9-1","주주총회 소집결정","Download","2026-01-13","","수시공시","https://pub.insure.or.kr/mngtDis/frequentDis/list.do"
"메트라이프생명","6-7-9-9","기타 주요경영사항에 대한 공시","Download","2026-01-13","","수시공시","https://pub.insure.or.kr/mngtDis/frequentDis/list.do"
"한화생명","7-1-4","대주주가 발행한 주식에 대한 의결권 행사","Download","2026-01-08","","수시공시","https://pub.insure.or.kr/mngtDis/frequentDis/list.do"
"한화생명","7-1-4","대주주가 발행한 주식에 대한 의결권 행사","Download","2026-01-08","","수시공시","https://pub.insure.or.kr/mngtDis/frequentDis/list.do"
"한화생명","7-1-4","대주주가 발행한 주식에 대한 의결권 행사","Download","2026-01-08","","수시공시","https://pub.insure.or.kr/mngtDis/frequentDis/list.do"
"교보생명","6-2-4-4","주요주주 변경","Download","2026-01-08","","수시공시","https://pub.insure.or.kr/mngtDis/frequentDis/list.do"
"동양생명","7-1-4","대주주가 발행한 주식에 대한 의결권 행사","Download","2026-01-07","","수시공시","https://pub.insure.or.kr/mngtDis/frequentDis/list.do"
"교보라이프플래닛생명","7-2-2","대주주가 발행한 채권 또는 주식 취득현황 분기공시","Download","2026-01-07","","수시공시","https://pub.insure.or.kr/mngtDis/frequentDis/list.do"
"교보라이프플래닛생명","7-2-1","대주주에 대한 신용공여현황 분기공시","Download","2026-01-07","","수시공시","https://pub.insure.or.kr/mngtDis/frequentDis/list.do"
"회사명","보고서구분","회계년도","제목","파일 | 게시일자","","지배구조공시","https://pub.insure.or.kr/mngtDis/corpGov/list.do"
"교보생명","임원 선임 및 해임 내역","FY2026","임원의 책무 변경에 따른 공시","Download | 2026-01-12","","지배구조공시","https://pub.insure.or.kr/mngtDis/corpGov/list.do"
"교보생명","임원 선임 및 해임 내역","FY2026","임원의 선임에 따른 공시","Download | 2026-01-12","","지배구조공시","https://pub.insure.or.kr/mngtDis/corpGov/list.do"
"흥국생명","임원 선임 및 해임 내역","FY2026","임원의 사임에 관한 공시","Download | 2026-01-09","","지배구조공시","https://pub.insure.or.kr/mngtDis/corpGov/list.do"
"흥국생명","임원 선임 및 해임 내역","FY2026","임원의 선임에 관한 공시","Download | 2026-01-09","","지배구조공시","https://pub.insure.or.kr/mngtDis/corpGov/list.do"
"NH농협생명","임원 선임 및 해임 내역","FY2026","임원의 선임에 관한 공시","Download | 2026-01-09","","지배구조공시","https://pub.insure.or.kr/mngtDis/corpGov/list.do"
"NH농협생명","임원 선임 및 해임 내역","FY2026","임원의 사임에 관한 공시","Download | 2026-01-09","","지배구조공시","https://pub.insure.or.kr/mngtDis/corpGov/list.do"
"KDB생명","임원 선임 및 해임 내역","FY2026","임원의 책무 변경에 따른 공시","Download | 2026-01-08","","지배구조공시","https://pub.insure.or.kr/mngtDis/corpGov/list.do"
"동양생명","임원 선임 및 해임 내역","FY2026","임원의 해임(사임)","Download | 2026-01-08","","지배구조공시","https://pub.insure.or.kr/mngtDis/corpGov/list.do"
"동양생명","임원 선임 및 해임 내역","FY2026","임원의 선임","Download | 2026-01-08","","지배구조공시","https://pub.insure.or.kr/mngtDis/corpGov/list.do"
"한화생명","임원 선임 및 해임 내역","FY2026","임원의 책무 변경에 따른 공시","Download | 2026-01-07","","지배구조공시","https://pub.insure.or.kr/mngtDis/corpGov/list.do"
"한화생명","임원 선임 및 해임 내역","FY2026","임원의 선임","Download | 2026-01-07","","지배구조공시","https://pub.insure.or.kr/mngtDis/corpGov/list.do"
"삼성생명","임원 선임 및 해임 내역","FY2025","임원의 사임에 따른 공시","Download | 2026-01-07","","지배구조공시","https://pub.insure.or.kr/mngtDis/corpGov/list.do"
"BNP파리바카디프생명","임원 선임 및 해임 내역","FY2026","임원 해임(사임 포함)에 따른 공시(2026.01.05)","Download | 2026-01-07","","지배구조공시","https://pub.insure.or.kr/mngtDis/corpGov/list.do"
"BNP파리바카디프생명","임원 선임 및 해임 내역","FY2026","임원 선임에 따른 공시 (2026.01.04)","Download | 2026-01-07","","지배구조공시","https://pub.insure.or.kr/mngtDis/corpGov/list.do"
"BNP파리바카디프생명","임원 선임 및 해임 내역","FY2026","임원 해임(사임 포함)에 따른 공시(2026.01.03)","Download | 2026-01-07","","지배구조공시","https://pub.insure.or.kr/mngtDis/corpGov/list.do"
"BNP파리바카디프생명","임원 선임 및 해임 내역","FY2026","임원 선임에 따른 공시 (2026.01.01)","Download | 2026-01-07","","지배구조공시","https://pub.insure.or.kr/mngtDis/corpGov/list.do"
"동양생명","지배구조 내부규범","FY2025","지배구조내부규범","Download | 2026-01-06","","지배구조공시","https://pub.insure.or.kr/mngtDis/corpGov/list.do"
"보험사명","대출금리","연체 이자율","중도상환 수수료","","","대출유형별공시","https://pub.insure.or.kr/loan/type/householdLoanNew/list.do"
"주택담보대출","신용대출","","","","","대출유형별공시","https://pub.insure.or.kr/loan/type/householdLoanNew/list.do"
"분할상환방식","일시상환방식","소득증빙형","무증빙형","","","대출유형별공시","https://pub.insure.or.kr/loan/type/householdLoanNew/list.do"
"한화생명","4.66","-","8.88","9.14 | 대출금리+3.00% | -","","대출유형별공시","https://pub.insure.or.kr/loan/type/householdLoanNew/list.do"
"삼성생명","4.18","-","5.89","8.52 | 대출금리+3.00% | -","","대출유형별공시","https://pub.insure.or.kr/loan/type/householdLoanNew/list.do"
"흥국생명","5.08","-","-","8.76 | 대출금리+3.00% | -","","대출유형별공시","https://pub.insure.or.kr/loan/type/householdLoanNew/list.do"
"교보생명","5.01","-","7.41","9.83 | 대출금리+3.00% | -","","대출유형별공시","https://pub.insure.or.kr/loan/type/householdLoanNew/list.do"
"하나생명","5.26","-","-","- | 대출금리+3.00% | -","","대출유형별공시","https://pub.insure.or.kr/loan/type/householdLoanNew/list.do"
"푸본현대생명","5.79","-","-","- | 대출금리+3.00% | -","","대출유형별공시","https://pub.insure.or.kr/loan/type/householdLoanNew/list.do"
"비교기준치","5.00","-","7.39","9.06 | 대출금리+3.00% | -","","대출유형별공시","https://pub.insure.or.kr/loan/type/householdLoanNew/list.do"
"900점 초과","801점 ~ 900점","701점 ~ 800점","601점 ~ 700점","501점 ~ 600점 | 401점 ~ 500점 | 301점 ~ 400점 | 300점 이하 | 평균금리 									 									  			                            만기 10년 이상인 분할상환방식 주택담보대출 전체의 평균금리","","대출유형별공시","https://pub.insure.or.kr/loan/type/householdLoanNew/list.do"
"한화생명","대출금리","4.68","4.62","4.72 | - | - | - | - | - | 4.66 | ","","대출유형별공시","https://pub.insure.or.kr/loan/type/householdLoanNew/list.do"
"ABL생명","대출금리","-","-","- | - | - | - | - | - | - | 내용보기","","대출유형별공시","https://pub.insure.or.kr/loan/type/householdLoanNew/list.do"
"삼성생명","대출금리","4.16","4.24","4.37 | - | - | - | - | - | 4.18 | ","","대출유형별공시","https://pub.insure.or.kr/loan/type/householdLoanNew/list.do"
"흥국생명","대출금리","5.13","5.05","5.13 | - | - | - | - | - | 5.08 | ","","대출유형별공시","https://pub.insure.or.kr/loan/type/householdLoanNew/list.do"
"교보생명","대출금리","5.01","-","- | - | - | - | - | - | 5.01 | ","","대출유형별공시","https://pub.insure.or.kr/loan/type/householdLoanNew/list.do"
"하나생명","대출금리","4.93","4.88","5.08 | 5.28 | 5.68 | 5.68 | - | - | 5.26 | ","","대출유형별공시","https://pub.insure.or.kr/loan/type/householdLoanNew/list.do"
"푸본현대생명","대출금리","5.51","5.76","5.79 | 6.14 | 6.42 | - | - | - | 5.79 | ","","대출유형별공시","https://pub.insure.or.kr/loan/type/householdLoanNew/list.do"
"NH농협생명","대출금리","3.73","3.83","- | - | - | - | - | - | - | ","","대출유형별공시","https://pub.insure.or.kr/loan/type/householdLoanNew/list.do"
"보험사명","상품구분","보험계약대출 금리구성","보험계약대출금리 취급비중","","","보험계약대출","https://pub.insure.or.kr/loan/type/insLoan/list.do"
"기준금리 										 											asc 											desc","가산금리 										 											asc 											desc","대출금리 										 											asc 											desc","5% 미만 										 											asc 											desc","5.0%~6.5% 미만 										 											asc 											desc | 6.5%~8.0% 미만 										 											asc 											desc | 8.0%~9.5% 미만 										 											asc 											desc | 9.5% 이상 										 											asc 											desc","","보험계약대출","https://pub.insure.or.kr/loan/type/insLoan/list.do"
"한화생명","금리연동형","2.76","1.50","4.26 | 78.4 | 18.6 | 1.8 | 1.3 | -","","보험계약대출","https://pub.insure.or.kr/loan/type/insLoan/list.do"
"한화생명","금리확정형","5.09","1.50","6.59 | 22.1 | 20.2 | 22.9 | 34.3 | 0.6","","보험계약대출","https://pub.insure.or.kr/loan/type/insLoan/list.do"
"ABL생명","금리연동형","3.08","1.50","4.58 | 59.7 | 38.3 | 2.0 | - | -","","보험계약대출","https://pub.insure.or.kr/loan/type/insLoan/list.do"
"ABL생명","금리확정형","3.96","1.50","5.46 | 52.7 | 12.1 | 18.2 | 16.0 | 1.0","","보험계약대출","https://pub.insure.or.kr/loan/type/insLoan/list.do"
"삼성생명","금리연동형","3.02","1.50","4.52 | 71.4 | 25.7 | 2.9 | - | -","","보험계약대출","https://pub.insure.or.kr/loan/type/insLoan/list.do"
"삼성생명","금리확정형","6.37","1.44","7.81 | 12.4 | 7.1 | 1.3 | 75.8 | 3.4","","보험계약대출","https://pub.insure.or.kr/loan/type/insLoan/list.do"
"흥국생명","금리연동형","2.97","1.50","4.47 | 62.8 | 37.1 | 0.1 | - | -","","보험계약대출","https://pub.insure.or.kr/loan/type/insLoan/list.do"
"흥국생명","금리확정형","4.74","1.50","6.24 | 6.8 | 55.3 | 18.3 | 18.0 | 1.6","","보험계약대출","https://pub.insure.or.kr/loan/type/insLoan/list.do"
"교보생명","금리연동형","2.89","1.50","4.39 | 67.6 | 32.3 | 0.1 | - | -","","보험계약대출","https://pub.insure.or.kr/loan/type/insLoan/list.do"
"교보생명","금리확정형","4.84","1.50","6.34 | 15.1 | 32.9 | 25.2 | 25.0 | 1.8","","보험계약대출","https://pub.insure.or.kr/loan/type/insLoan/list.do"
"iM라이프","금리연동형","2.67","1.50","4.17 | 90.8 | 9.1 | 0.1 | - | -","","보험계약대출","https://pub.insure.or.kr/loan/type/insLoan/list.do"
"iM라이프","금리확정형","3.25","1.50","4.75 | 58.4 | 35.9 | 4.1 | 1.6 | -","","보험계약대출","https://pub.insure.or.kr/loan/type/insLoan/list.do"
"미래에셋생명","금리연동형","3.00","1.50","4.50 | 68.7 | 28.6 | 2.7 | - | -","","보험계약대출","https://pub.insure.or.kr/loan/type/insLoan/list.do"
"미래에셋생명","금리확정형","3.42","1.50","4.92 | 55.0 | 30.6 | 6.7 | 7.2 | 0.5","","보험계약대출","https://pub.insure.or.kr/loan/type/insLoan/list.do"
"KDB생명","금리연동형","2.49","1.50","3.99 | 85.6 | 14.5 | - | - | -","","보험계약대출","https://pub.insure.or.kr/loan/type/insLoan/list.do"
"KDB생명","금리확정형","4.55","1.50","6.05 | 15.8 | 47.9 | 21.6 | 13.8 | 1.0","","보험계약대출","https://pub.insure.or.kr/loan/type/insLoan/list.do"
"DB생명","금리연동형","2.74","1.50","4.24 | 53.3 | 36.3 | 10.5 | - | -","","보험계약대출","https://pub.insure.or.kr/loan/type/insLoan/list.do"
"DB생명","금리확정형","4.47","1.50","5.97 | 28.4 | 57.2 | 9.7 | 4.5 | 0.1","","보험계약대출","https://pub.insure.or.kr/loan/type/insLoan/list.do"
"동양생명","금리연동형","2.96","1.48","4.44 | 67.5 | 32.4 | - | 0.1 | -","","보험계약대출","https://pub.insure.or.kr/loan/type/insLoan/list.do"
"동양생명","금리확정형","4.28","1.48","5.76 | 34.2 | 35.8 | 21.5 | 8.1 | 0.2","","보험계약대출","https://pub.insure.or.kr/loan/type/insLoan/list.do"
"메트라이프생명","금리연동형","2.47","1.50","3.97 | 97.3 | 1.5 | 1.2 | - | -","","보험계약대출","https://pub.insure.or.kr/loan/type/insLoan/list.do"
"메트라이프생명","금리확정형","5.04","1.50","6.54 | 15.1 | 26.8 | 28.7 | 26.6 | 2.7","","보험계약대출","https://pub.insure.or.kr/loan/type/insLoan/list.do"
"KB라이프생명","금리연동형","2.50","1.50","4.00 | 96.9 | 3.1 | - | - | -","","보험계약대출","https://pub.insure.or.kr/loan/type/insLoan/list.do"
"KB라이프생명","금리확정형","4.58","1.49","6.07 | 29.3 | 29.6 | 15.5 | 20.8 | 4.9","","보험계약대출","https://pub.insure.or.kr/loan/type/insLoan/list.do"
"신한라이프생명","금리연동형","2.78","1.50","4.28 | 80.8 | 12.0 | 7.0 | 0.2 | -","","보험계약대출","https://pub.insure.or.kr/loan/type/insLoan/list.do"
"신한라이프생명","금리확정형","4.73","1.50","6.23 | 9.7 | 43.6 | 28.8 | 17.6 | 0.3","","보험계약대출","https://pub.insure.or.kr/loan/type/insLoan/list.do"
"처브라이프생명","금리연동형","3.19","1.50","4.69 | 78.3 | 21.7 | - | - | -","","보험계약대출","https://pub.insure.or.kr/loan/type/insLoan/list.do"
"처브라이프생명","금리확정형","4.57","1.50","6.07 | 28.9 | 31.0 | 25.5 | 14.7 | -","","보험계약대출","https://pub.insure.or.kr/loan/type/insLoan/list.do"
"하나생명","금리연동형","2.28","1.50","3.78 | 97.1 | 2.9 | - | - | -","","보험계약대출","https://pub.insure.or.kr/loan/type/insLoan/list.do"
"하나생명","금리확정형","2.67","1.50","4.17 | 88.5 | 5.2 | 6.3 | - | -","","보험계약대출","https://pub.insure.or.kr/loan/type/insLoan/list.do"
"BNP파리바카디프생명","금리연동형","2.87","1.50","4.37 | 66.0 | 34.0 | - | - | -","","보험계약대출","https://pub.insure.or.kr/loan/type/insLoan/list.do"
"BNP파리바카디프생명","금리확정형","2.46","1.50","3.96 | 77.5 | 222.5 | - | - | -","","보험계약대출","https://pub.insure.or.kr/loan/type/insLoan/list.do"
"푸본현대생명","금리연동형","2.85","1.50","4.35 | 74.9 | 19.2 | 5.9 | - | -","","보험계약대출","https://pub.insure.or.kr/loan/type/insLoan/list.do"
"푸본현대생명","금리확정형","4.41","1.50","5.91 | 34.6 | 31.2 | 8.9 | 23.6 | 1.7","","보험계약대출","https://pub.insure.or.kr/loan/type/insLoan/list.do"
"라이나생명","금리연동형","3.00","1.33","4.33 | 100.0 | - | - | - | -","","보험계약대출","https://pub.insure.or.kr/loan/type/insLoan/list.do"
"라이나생명","금리확정형","2.95","1.44","4.39 | 82.2 | 10.6 | 1.6 | 5.1 | 0.5","","보험계약대출","https://pub.insure.or.kr/loan/type/insLoan/list.do"
"AIA생명","금리연동형","2.46","1.50","3.96 | 91.1 | 2.7 | 6.2 | - | -","","보험계약대출","https://pub.insure.or.kr/loan/type/insLoan/list.do"
"AIA생명","금리확정형","4.79","1.50","6.29 | 11.4 | 39.3 | 42.3 | 7.0 | -","","보험계약대출","https://pub.insure.or.kr/loan/type/insLoan/list.do"
"IBK연금보험","금리연동형","2.49","1.48","3.97 | 97.6 | 1.8 | 0.6 | - | -","","보험계약대출","https://pub.insure.or.kr/loan/type/insLoan/list.do"
"NH농협생명","금리연동형","2.41","1.50","3.91 | 94.3 | 5.7 | - | - | -","","보험계약대출","https://pub.insure.or.kr/loan/type/insLoan/list.do"
"NH농협생명","금리확정형","3.74","1.50","5.24 | 29.4 | 55.6 | 15.0 | - | -","","보험계약대출","https://pub.insure.or.kr/loan/type/insLoan/list.do"
"보험사명","우대금리 명칭","할인요건 또는 적용상품","우대금리","비고","","보험계약대출","https://pub.insure.or.kr/loan/type/insLoan/list.do"
"한화생명","고금리 상품","금리확정형 예정이율 7.0% 이상 보험계약","0.10 													%","-","","보험계약대출","https://pub.insure.or.kr/loan/type/insLoan/list.do"
"ABL생명","고금리 상품","예정이율 8.4% 이상 보험계약","0.10 ~ 													%","보험계약대출 금리 9.9% 초과 시 상한(9.9%)적용","","보험계약대출","https://pub.insure.or.kr/loan/type/insLoan/list.do"
"취약계층 우대","만 65세 이상 고객","0.10 													%","-","","","보험계약대출","https://pub.insure.or.kr/loan/type/insLoan/list.do"
"자동대출 실행건","보험료자동대출납입 실행 시","0.10 													%","자동대출금 할인","","","보험계약대출","https://pub.insure.or.kr/loan/type/insLoan/list.do"
"삼성생명","고금리 상품","보험계약대출 적용금리 9.0% 이상 보험계약","0.10 													%","-","","보험계약대출","https://pub.insure.or.kr/loan/type/insLoan/list.do"
"흥국생명","취약계층 우대","만 65세 이상고객","0.10 													%","-","","보험계약대출","https://pub.insure.or.kr/loan/type/insLoan/list.do"
"교보생명","고금리 상품","금리확정형 예정이율 7.0% 이상 보험계약","0.10 													%","-","","보험계약대출","https://pub.insure.or.kr/loan/type/insLoan/list.do"
"신한라이프생명","취약계층 우대","만65세이상 고객의 금리확정형 예정이율 5.5%이상 계약","0.10 													%","-","","보험계약대출","https://pub.insure.or.kr/loan/type/insLoan/list.do"
"기여고객 우대","우수고객등급 에이스 이상 고객(금리연동형)","0.10 ~ 0.20 													%","등급별 적용 (프리미어이상 0.2%, 에이스 0.1%)","","","보험계약대출","https://pub.insure.or.kr/loan/type/insLoan/list.do"
"푸본현대생명","비대면 온라인 채널 이용자","신규 비대면 온라인 채널 이용고객","0.40 													%","-","","보험계약대출","https://pub.insure.or.kr/loan/type/insLoan/list.do"
"iM라이프","고금리 상품","금리확정형 보험계약대출 적용금리 7% 이상 보험계약","0.10 													%","-","","보험계약대출","https://pub.insure.or.kr/loan/type/insLoan/list.do"
"취약계층 우대","고연령을 위한 상품(치매,간병,실버,CI보험)","0.10 													%","-","","","보험계약대출","https://pub.insure.or.kr/loan/type/insLoan/list.do"
"KDB생명","고금리 상품","예정이율 7.0%이상인상품","0.10 ~ 													%","보험계약대출 금리 9.9% 초과시 상한(9.9%)적용","","보험계약대출","https://pub.insure.or.kr/loan/type/insLoan/list.do"
"미래에셋생명","고금리 상품","보험계약대출 적용금리 9.0% 이상 보험계약","0.05 													%","-","","보험계약대출","https://pub.insure.or.kr/loan/type/insLoan/list.do"
"취약계층 우대","만 65세 이상고객","0.05 													%","-","","","보험계약대출","https://pub.insure.or.kr/loan/type/insLoan/list.do"
"IBK연금보험","고금리 상품","보험계약대출 적용금리 6.0% 초과 보험계약","0.10 													%","-","","보험계약대출","https://pub.insure.or.kr/loan/type/insLoan/list.do"
"취약계층 우대","만 65세 이상고객","0.10 													%","-","","","보험계약대출","https://pub.insure.or.kr/loan/type/insLoan/list.do"
"NH농협생명","고금리 상품","예정이율 5.0%초과 보험계약","0.10 ~ 5.00 													%","보험계약대출 금리 6.5% 초과시 상한(6.5%)적용","","보험계약대출","https://pub.insure.or.kr/loan/type/insLoan/list.do"
"교보라이프플래닛생명","취약계층 우대","만 65세 이상고객","0.10 													%","-","","보험계약대출","https://pub.insure.or.kr/loan/type/insLoan/list.do"
"라이나생명","고금리 상품","보험계약대출 기준금리 5.0% 초과 보험계약","0.35 													%","보험계약대출 기준금리 : [금리확정형, 변액보험] 예정이율, [금리연동형] 공시이율","","보험계약대출","https://pub.insure.or.kr/loan/type/insLoan/list.do"
"취약계층 우대","만 65세 이상고객","0.35 													%","-","","","보험계약대출","https://pub.insure.or.kr/loan/type/insLoan/list.do"
"AIA생명","취약계층 우대","만 65세 이상 계약자 대출 실행시","0.10 													%","-","","보험계약대출","https://pub.insure.or.kr/loan/type/insLoan/list.do"
"자동대출 실행건","보험료자동대출납입(APL)실행 시","0.10 													%","-","","","보험계약대출","https://pub.insure.or.kr/loan/type/insLoan/list.do"
"KB라이프생명","고금리 상품","예정이율 8.5% 초과 보험계약","0.10 ~ 													%","보험계약대출 금리 9.9% 초과시 상한(9.9%) 적용","","보험계약대출","https://pub.insure.or.kr/loan/type/insLoan/list.do"
"하나생명","고금리 상품","금리확정형 예정이율 5.5% 이상 보험계약","0.10 													%","-","","보험계약대출","https://pub.insure.or.kr/loan/type/insLoan/list.do"
"DB생명","고금리 상품","예정이율 8.5%초과 보험계약","0.10 ~ 													%","보험계약대출 금리 9.9% 초과시 상한(9.9%)적용","","보험계약대출","https://pub.insure.or.kr/loan/type/insLoan/list.do"
"취약계층 우대","만 65세 이상 고객","0.10 													%","-","","","보험계약대출","https://pub.insure.or.kr/loan/type/insLoan/list.do"
"비대면 온라인 채널 이용자","사이버, 모바일(APP, WEB)에서 대출 신청시","0.10 													%","-","","","보험계약대출","https://pub.insure.or.kr/loan/type/insLoan/list.do"
"기타","ARS 에서 대출 신청시","0.10 													%","-","","","보험계약대출","https://pub.insure.or.kr/loan/type/insLoan/list.do"
"메트라이프생명","고금리 상품","보험계약대출 적용금리 9.5% 이상 보험계약","0.10 													%","-","","보험계약대출","https://pub.insure.or.kr/loan/type/insLoan/list.do"
"동양생명","취약계층 우대","만 65세 이상고객","0.10 													%","-","","보험계약대출","https://pub.insure.or.kr/loan/type/insLoan/list.do"
"기여고객 우대","우수고객 대상(BLACK & RED 등급)","0.10 													%","-","","","보험계약대출","https://pub.insure.or.kr/loan/type/insLoan/list.do"
"처브라이프생명","고금리 상품","보험계약대출 적용금리 6.0% 초과 보험계약","0.10 													%","-","","보험계약대출","https://pub.insure.or.kr/loan/type/insLoan/list.do"
"취약계층 우대","만 65세 이상고객","0.10 													%","-","","","보험계약대출","https://pub.insure.or.kr/loan/type/insLoan/list.do"
"자동대출 실행건","보험료 자동대출 계약","0.10 													%","-","","","보험계약대출","https://pub.insure.or.kr/loan/type/insLoan/list.do"
"보험사명","수수료","","","","","대출수수료","https://pub.insure.or.kr/loan/type/loanFee/list.do"
"한화생명","0 원","","","","","대출수수료","https://pub.insure.or.kr/loan/type/loanFee/list.do"
"ABL생명","0 원","","","","","대출수수료","https://pub.insure.or.kr/loan/type/loanFee/list.do"
"삼성생명","0 원","","","","","대출수수료","https://pub.insure.or.kr/loan/type/loanFee/list.do"
"흥국생명","0 원","","","","","대출수수료","https://pub.insure.or.kr/loan/type/loanFee/list.do"
"교보생명","0 원","","","","","대출수수료","https://pub.insure.or.kr/loan/type/loanFee/list.do"
"미래에셋생명","0 원","","","","","대출수수료","https://pub.insure.or.kr/loan/type/loanFee/list.do"
"동양생명","0 원","","","","","대출수수료","https://pub.insure.or.kr/loan/type/loanFee/list.do"
"푸본현대생명","0 원","","","","","대출수수료","https://pub.insure.or.kr/loan/type/loanFee/list.do"
"NH농협생명","0 원","","","","","대출수수료","https://pub.insure.or.kr/loan/type/loanFee/list.do"
"변동금리","고정금리","변동금리","고정금리","","","대출수수료","https://pub.insure.or.kr/loan/type/loanFee/list.do"
"보증서 및 기타","미취급","0.00 %","미취급","미취급","","대출수수료","https://pub.insure.or.kr/loan/type/loanFee/list.do"
"신용","미취급","0.00 %","미취급","미취급","","대출수수료","https://pub.insure.or.kr/loan/type/loanFee/list.do"
"보증서 및 기타","미취급","1.19 %","미취급","미취급","","대출수수료","https://pub.insure.or.kr/loan/type/loanFee/list.do"
"신용","미취급","미취급","미취급","미취급","","대출수수료","https://pub.insure.or.kr/loan/type/loanFee/list.do"
"보증서 및 기타","1.00 %","1.00 %","0.00 %","0.00 %","","대출수수료","https://pub.insure.or.kr/loan/type/loanFee/list.do"
"신용","0.00 %","0.00 %","0.00 %","0.00 %","","대출수수료","https://pub.insure.or.kr/loan/type/loanFee/list.do"
"보증서 및 기타","1.60 %","미취급","미취급","미취급","","대출수수료","https://pub.insure.or.kr/loan/type/loanFee/list.do"
"신용","미취급","0.00 %","미취급","미취급","","대출수수료","https://pub.insure.or.kr/loan/type/loanFee/list.do"
"보증서 및 기타","미취급","미취급","미취급","미취급","","대출수수료","https://pub.insure.or.kr/loan/type/loanFee/list.do"
"신용","0.00 %","0.00 %","미취급","미취급","","대출수수료","https://pub.insure.or.kr/loan/type/loanFee/list.do"
"보증서 및 기타","미취급","미취급","미취급","미취급","","대출수수료","https://pub.insure.or.kr/loan/type/loanFee/list.do"
"신용","미취급","미취급","미취급","미취급","","대출수수료","https://pub.insure.or.kr/loan/type/loanFee/list.do"
"보증서 및 기타","미취급","1.34 %","미취급","미취급","","대출수수료","https://pub.insure.or.kr/loan/type/loanFee/list.do"
"신용","미취급","미취급","미취급","미취급","","대출수수료","https://pub.insure.or.kr/loan/type/loanFee/list.do"
"보증서 및 기타","미취급","미취급","미취급","미취급","","대출수수료","https://pub.insure.or.kr/loan/type/loanFee/list.do"
"신용","미취급","미취급","미취급","미취급","","대출수수료","https://pub.insure.or.kr/loan/type/loanFee/list.do"
"보증서 및 기타","미취급","미취급","0.96 %","0.96 %","","대출수수료","https://pub.insure.or.kr/loan/type/loanFee/list.do"
"신용","0.00 %","0.00 %","0.96 %","0.96 %","","대출수수료","https://pub.insure.or.kr/loan/type/loanFee/list.do"
"보험사명","최저금리","최고금리","비고","","","중소기업대출","https://pub.insure.or.kr/loan/type/businessInterRate/list.do"
"삼성생명","0.00","0.00","미취급","","","중소기업대출","https://pub.insure.or.kr/loan/type/businessInterRate/list.do"
"흥국생명","0.00","0.00","","","","중소기업대출","https://pub.insure.or.kr/loan/type/businessInterRate/list.do"
"NH농협생명","0.00","0.00","","","","중소기업대출","https://pub.insure.or.kr/loan/type/businessInterRate/list.do"
"보험사명","최저금리","최고금리","비고","","","중소기업대출","https://pub.insure.or.kr/loan/type/businessInterRate/list.do"
"삼성생명","5.10","5.10","","","","중소기업대출","https://pub.insure.or.kr/loan/type/businessInterRate/list.do"
"흥국생명","0.00","0.00","","","","중소기업대출","https://pub.insure.or.kr/loan/type/businessInterRate/list.do"
"NH농협생명","0.00","0.00","","","","중소기업대출","https://pub.insure.or.kr/loan/type/businessInterRate/list.do"